[objekt] används för att starta vattenposten | [objekt] is used to start the hydrant
[objekt] används som ljudsignal | [objekt] is/are used as (a) sound signal(s)
[x] av utställningen eller föremålen får besökare vidröra eller finns kännbar kopia | [x] of the exhibition or the exhibits that visitors are allowed to touch, or that are available as a touchable copy
[x] av utställningen har hörbar information om föremålen och det som visas | [x] of the exhibition has audio information about the items and exhibits
[objekt] finns i gångvägen | [objekt] can be found on the footpath
[m] fri höjd finns under bordsskivan | [m] of height under the tabletop
[m] fri höjd finns under den högre bordsskivan | [m] of height under the tabletop
[m] fri höjd finns under den lägre bordsskivan | [m] of height under the lower tabletop
[m] fri yta finns till höger om toalettstolen sett framifrån | [m] space on right side of toilet as seen from the front
[m] fri yta finns till vänster om toalettstolen sett framifrån | [m] space on left side of toilet as seen from the front
[a] information finns som ljudformat | [a] information is available in audio format
[a] information som finns på webben finns i anpassad form | [a] information available on the web in adapted form
[l] används som språk |   [l] is used as language
[objekt] kan ges som personlig service | [objekt] can be given as a personal service
[a] mat finns | [a] food is available
[a] signal visar att anrop gått fram | [a] signal shows that the call has gone through
[a] signal visar att dörren är upplåst | [a] signal shows that the door is unlocked
[objekt] är kopplad till vibrator | [objekt] is connected to vibrator
[objekt] är tillåten i lokalen | [objekt] is/are allowed in the space
[finns] information finns på lättläst svenska | [finns] information is available in easy to read swedish
akustisk bekräftelse på att larm gått fram [finns] | an acoustic confirmation that the alarm has gone through is [finns]
akustisk information i hissen finns om [objekt] | there is audible information in the lift regarding [objekt]
akustisk information om byte [x] vid den ursprungliga påstigningsplatsen | acoustic information regarding changing [x] at the original boarding point
akustisk ljudsignal före trafikinformation [x] | audible signal before the traffic information is [x]
akustisk signal [finns] som talar om att dörren är upplåst | acoustic signal is [finns] which states that the door is unlocked
akustisk signal som talar om att anropet gått fram [finns] | acoustic signal that informs that the call has gone through are [finns]
akustiskt tal [finns] | audible speech is [finns]
akustiskt utrymningslarm [finns] | audible evacuation alarm [finns]
anpassad hemsida enligt wai [finns] | adapted homepage according to wai [finns]
anropsknapparnas ljushetkontrast mot bakgrund är [m] | the brightness contrast of the call buttons against the background is [m]
anropsknappen är placerad [m] över underlaget | the call button is placed [m] above the ground
anropskommunikation [finns] vid hållplats för att påkalla ledsagning och bagagehjälp | communication [finns] at stop to call for guidance and help with luggage
anropskommunikation [finns] vid station för att påkalla ledsagning och bagagehjälp | communication [finns] at station to call for guidance and help with luggage
arbetsbänkens höjd är [m] | the height of the work surface is [m]
arbetsbänkens längd är [m] | the length of the work surface is [m]
armstöd är [a] | the armrest is [a]
armstöden sträcker sig [m] förbi sittplatsens framkant | armrest stretch past its front edge [m]
armstödet på höger sida sett framifrån är [x] | the armrest on the right hand side as seen from the front is [x]
armstödet på vänster sida sett framifrån är [x] | the armrest on the left hand side as seen from the front is [x]
armstödet sträcker sig [m] förbi sittplatsens framkant | the armrest extends [m] beyond its front edge
armstödet är [x] | the armrest is [x]
armstödets höjd är [m] | the height of the armrest is [m]
askkopp [x] | ashtray is [x]
automatens instruktioner finns på [l] | the instructions for the machine are in [l]
av- och påstigningsplatsen är [m] från entrén | the boarding and alighting point is [m] from the entrance
av- och påstigningsplatsens längd är [m] | the length of the boarding and alighting point is [m]
avfasning av tröskel [x] | bevelling of threshold [x]
avfasningen lutar [c] | the bevelling tilts [c]
avgränsning [finns] som skydd mellan lekplats och omgivande miljö | protective delimitation between playground and surroundings is [finns]
avgränsningens markering har en ljushetskontrast på [m] mot bakgrunden | the separating marking of the cycle path has a lightness contrast of [m] against the background
avlastningshylla [finns] | unloading shelf [finns]
avlastningshyllans höjd är [m] från golv | the height of the unloading shelf is [m] from the floor
avlastningshyllans längd är [m] | the length of the unloading shelf is [m]
avloppsrörets centrum är placerat [m] från sidovägg | the centre of the sewage pipe is placed [m] from the side wall
avskilda utrymmen [finns] för personer med astma eller allergi | separate spaces are [finns] for people with asthma or allergies
avställningsyta nära kylen [finns] | unloading space near the fridge [finns]
avställningsyta nära mikrovågsugn [finns] | unloading surface near microwave oven is [finns]
avställningsyta nära spis [finns] | unloading space near hob are [finns]
avstånd mellan mikrovågsugn och närmaste hörn är [b] | the distance between the microwave oven and the nearest corner is [b]
avstånd mellan spishäll och närmaste hörn är [b] | the distance between the hob and the nearest corner is [b]
avstånd mellan ugn och närmaste hörn är [b] | the distance between the oven and the nearest corner is [b]
avstånd mellan vändkors och dörr intill är [b] | the distance between the turnstile and the door next to it is [b]
avstånd mellan öppningens underkant och skivan under är [b] | the distance between the lower edge of the opening and the shelf underneath is [b]
avstånd till närmaste föremål är [b] | distance to nearest object is [b]
avstånd till närmaste hinder är [b] | the distance to the nearest obstacle is [b]
avstånd till närmsta hinder är [b] | the distance to the nearest obstacle is [b]
avståndet från golvet till översta knappraden eller till kortläsarens översta del är [b] | the distance from the floor to the uppermost button or the card reader’s highest point is [b]
avståndet mellan angöringsplatsen och hållplatsen är [b] | the distance between the drop-off and pick-up area, and the stop, is [b]
avståndet mellan armstöden är [b] | the distance between the grab bars is [b]
avståndet mellan av- och påstigningsplats och trottoarkantens avfasning är [b] | the kerb bevelling is [b] from the area for boarding and alighting
avståndet mellan diskmaskin och närmaste hörn är [b] | the distance between the dishwasher and the nearest corner is [b]
avståndet mellan entré och kundvagnar är [b] | the distance between the entrance and the shopping trolleys is [b]
avståndet mellan handikapparkeringsplatsen och första sittplatsen är [b] | the distance between the disabled parking space and the first seating is [b]
avståndet mellan manöverpanelen och hörnet vid dörren är [b] | the distance between the manoeuvering panel and the corner by the door is [b]
avståndet mellan parkeringsplats och avfasning är [b] | the bevelling of the kerb is [b] from the parking space
avståndet mellan rummet och hissen är [b] | the distance between the room and the lift is [b]
avståndet mellan rummet och receptionen är [b] | the distance between the room and reception is [b]
avståndet mellan sittplatsen och liften är [b] | the distance between the seat and the lift is [b]
avståndet mellan toalettstol och toalettpappershållaren är [b] | the distance between the toilet and the toilet paper holder is [b]
avståndet till det närmaste föremålet är [b] | the distance to the nearest object is [b]
avståndet till närmaste föremål är [b] | the distance to the nearest object is [b]
avåkningsskydd [finns] | protective guards are [finns]
avåkningsskyddet är en [n] | the type of side protection is a [n]
avåkningsskyddet är placerat på [objekt] | the protective guards are placed on [objekt]
avåkningsskyddets höjd nerifrån vänster är [b] | the height of the guards from below left is [b]
avåkningsskyddets höjd är [m] | the height of the guards is [m]
backen lutar som mest [m] i sidled | the sideways tilt is [m]
backen lutar som mest [m] på längden | the lengthways tilt is [m]
badkar [finns] | bathtub is [finns]
badstege [finns] ner i vattnet | ladder is [finns] into the water
bakgrundsmusik [finns] | background music is [finns]
balansredskap [finns] i marknivå | balancing equipment at ground level is [finns]
balkongens fria längd är [m] | the free length of the balcony is [m]
barriär vid rutschkanans startdel [finns] | there [finns] a barrier at the starting point of the playground slide
bassängens djup är markerad [x] | the depth of the pool is marked [x]
bastuaggregat som är avskärmat ända ner [t] | sauna heater which is screened off all the way down is [t]
begränsad gångyta är [m] bred | the limited pedestrian area is [m] wide
behandlingsbänkens höjd är [m] | the height of the treatment bench is [m]
behållare med lock [finns] | container with lid is [finns]
bekräftelse på att du har tryckt på knappen ges [i] | confirmation that the button is pressed is given [i]
bekräftelse på att knappen har tryckts in ges [i] | confirmation that the button has been pressed is given [i]
belysning [finns] | lighting [finns]
belysning [finns] inuti väderskyddet | lighting inside shelter is [finns]
belysning av entrén [finns] | entrance lighting [finns]
belysning av gångvägen [finns] | lighting [finns]
belysning av handikapparkeringsplatsen [finns] | lighting of the disabled parking space [finns]
belysning av skylt [finns] | sign lighting is [finns]
belysningen av skylten är [b] | the lighting of the sign is [b]
belysningen är [b] | the lighting is [b]
belyst gångväg [finns] | lit pathway [finns]
benutrymmet är [b] brett | the leg room is [b] wide
benutrymmet är [m] djupt | the legroom is [m] deep
benutrymmets bredd är [m] | the width of the legroom is [m]
benutrymmets djup under skivan är [b] | the depth of the legroom under the shelf is [b]
benutrymmets djup är [m] | the depth of the legroom is [m]
benutrymmets höjd är [m] | the height of the legroom is [m]
bestämda platser för basvaror [finns] | set places for staple commodities are [finns]
betalningsfunktioner [finns] | payment functions are [finns]
bildsymbol i relief [finns] | picture symbol in relief is [finns]
bildsymbolens ljushetskontrast är [b] mot bakgrunden | the lightness contrast of the picture symbol is [b] against its background
bildtelefon [finns] | video phone is [finns]
blandaren på duschen är [b] | the shower mixer is [b]
blandaren är placerad [m] från golv | the mixer tap is placed [m] above the floor
blandaren är placerad [m] från närmaste hörn | the mixer tap is placed [m] from the nearest corner
bokinkastet är placerat [m] ovanför golvet | the book slot is placed [m] above the floor
bokningsbekräftelse [x] via e-post | booking confirmation [x] via e-mail
bordsskivan skjuter ut [m] utanför bordets ben | the tabletop protrudes [m] outside the table’s legs
bordsskivans höjd från golvet är [m] | the height of the table top is [m] from the floor
bredd på fri yta framför ljusbäraren är [m] | the width of the space in front of the light carrier is [m]
bredd på fritt benutrymme under arbetsbänk är [m] | the space under the work surface is [m] wide
bredd på fritt benutrymme under diskho är [m] | the free leg room under the sink is [m] wide
bredden lutar [c] | the width of the space tilts [c]
bredden mellan springorna i golvtrallen är [m] | the gaps in the floor boards are [m] wide
bredden på avlastningshyllan är [b] | the width of the unloading shelf is [b]
bredden på den fri yta framför bollmaskinen är [b] | the free space in front of the ball machine is [b] wide
bredden på den fria ytan till höger om stolen sett framifrån är [b] | the width of the space on the right of the chair as seen from the front is [b]
bredden på den fria ytan till vänster om stolen sett framifrån är [b] | the width of the space on the left of the chair as seen from the front is [b]
bredden på den totala golvytan är [b] | the width of the total floor space is [b]
bredden på det fria utrymmet under spishällen är [b] | the width of the space under the hob is [b]
bredden på liftkortspärrarna är [b] | the width of the lift ticket barriers are [b]
bredden på svängrumsytan efter grinden är [b] | the width of the turning space behind the gate is [b]
bredden är [b] | the width is [b]
brits för av och påklädning [finns] | a bench for dressing and undressing is [finns]
britsens höjd är [m] | the height of the gurney is [m]
bryggans gångyta är [b] | the walking surface of the jetty is [b]
bryggans identitetsmärkning har ljushetskontrast [m] mot bakgrund | the identity mark on the jetty has a lightness contrast of [m] against background
bryggans kanter har ljushetskontrast [m] mot övriga bryggan | the edges of the jetty have a lightness contrast of [m] against the rest of the jetty
buffébordet är [m] högt | the buffet table is [m] high
bänkens bredd är [m] | the bench is [m] wide
bänkens djup är [m] | the depth of the bench is [m]
bänkens sitthöjd är [m] | the seating height is [m]
bärhjälp [finns] för bagage | help to carry luggage is [finns]
båda händer [beh] för att få varan | using both hands [beh] to get an item
centralt placerat draghandtag [finns] | centrally placed pulling handle [finns]
certifiering [finns] | certification is [finns]
cykelväg [aer] placerad så den går genom hållplatsytan | bicycle path [aer] running through the area of the stop
cykelväg som korsar gångvägen [finns] | bicycle path that crosses the pedestrian path is [finns]
dagsljus som förekommer är [b] | occurring daylight is [b]
dator [finns] som kan överföra material till anpassade former | computer is [finns] that can transfer material to adapted formats
dator vid receptionsdisk [finns] | a computer at reception counter is [finns]
de stora bokstäverna har höjden [m] | the capitals have a height of [m]
de stora bokstävernas höjd är [m] | the height of the capitals is [m]
den begränsade gångvägen är [m] bred | the limited pedestrian area is [m] wide
den fria bredden på öppningen i sandlådans sarg är [b] | the clear opening on the sandbox boards is [b]
den fria bredden under skötbordet är [b] | the free legroom under the changing table is [b] wide
den fria vändytan är [b] i diameter | the diameter of the free turning space is [b]
den fria vändytans diameter vid ställningen är [b] | the diameter of the free turning space next to the unit is [b]
den fria vändytans diameter är [b] inuti väderskyddet | the diameter of the free turning space is [b] inside the shelter
den fria ytan intill är [m] lång | the length of the free space is [m]
den fria ytan lutar [c] i längsriktning | the free space tilts [c] lengthways
den fria ytan lutar [c] i sidled | the free space tilts [c] sideways
den fria ytans bredd före grinden är [b] | the width of the space in front of the gate is [b]
den fria ytans bredd är [m] | the free area width is [m]
den fria ytans lutning bredvid sittplatsen är [b] | the slope of the free surface length next to the seat is [b]
den fria ytans längd är [m] | the length of the free space is [m]
den fria ytans underlag är [b] | the ground on free surface next to the seating is [b]
den fribärande trappan är markerad [x] | the unsupported staircase is marked [x]
den hårdgjorda och släta gångytan är [b] | the hard and smooth walking surface is [b] wide
den högsta funktionen för att välja vara är placerad [m] över underlaget | the highest function for selecting an item is placed [m] above the ground.
den högsta kanten där du kan hämta den köpta varan är [b] över underlaget | the highest edge of where to pick up the bought item is [b] above the ground
den lägsta funktionen för att välja vara är placerad [m] över underlaget | the lowest function for selecting an item is placed [m] above the ground
den lägsta höjden på disken är [b] | the lowest height of the height-adjustable desk is [b]
den lägsta kanten för att hämta den köpta varan är [b] över underlaget | the lowest edge of where to pick up the bought item is [b] above ground
den nedre kanten av kapphyllan är placerad [m] över golvet | the lower edge of the coat-rack is placed [m] above the floor
det [finns] akustisk information | there/it/that [finns] acoustic information
det [finns] anropskommunikation vid handikapparkeringsplatsen för att påkalla ledsagning och bagagehjälp | call communications are [finns] at the disabled parking space to call for assistance and baggage help
det [finns] anvisad plats för rökning | designated smoking area is [finns]
det [finns] armstöd på sittplatsen | there is [finns] armrest on the seat
det [finns] avställningsyta nära ugn | there are [finns] unloading space near oven
det [finns] avåkningsskydd på alla sidor av bryggan där man kan ramla ner | safety edges are [finns] on all sides of the jetty where you can fall off
det [finns] benutrymme under disken | legroom under the counter is [finns]
det [finns] eluttag som går att nå med rullstol | socket that can be reached using a wheelchair or walking frame is [finns]
det [finns] en höj- och sänkbar kortläsare | it is [finns] a height adjustable card reader
det [finns] en höj- och sänkbar sittplats | chair with adjustable height is [finns]
det [finns] en kännbar djupmarkering | tactile depth marking is [finns]
det [finns] en kännbar markering av rampens nedersta del | a tactile marking on the lower part of the ramp is [finns]
det [finns] en kännbar markering av rampens översta del | a tactile marking on the upper part of the ramp is [finns]
det [finns] en kännbar punkt på femman i knappsatsen | a tactile point on five on the keypad is [finns]
det [finns] en skylt i relief vid nedersta trappsteget | there is a sign in relief [finns] at the bottom step
det [finns] en stor behållare med lock för stomipåsar eller vuxenblöjor | a container with lid is [finns] that is large enough for stoma bags or adult nappies
det [finns] ett draghandtag på dörrens insida | there/it/that [finns] a pulling handle on the inside of the door
det [finns] ett kännbart ledstråk på gångvägen | tactile floor trail [finns]
det [finns] flytbojar som markerar badområdets yttre gräns | there/it/that [finns] bouys marking the outer limits of the swimming area
det [finns] flyttbar personlyft som kan lånas in vid förfrågan | mobile person lift that can be borrowed on request is [finns]
det [finns] fri yta vid larmknapp | free space by the alarm button is [finns]
det [finns] greppvänligt armstöd | contoured armrests are [finns]
det [finns] handtag vid sittplatsen i bubbelpoolen | handles are [finns] by the seating in the whirlpool
det [finns] hjul på sittplatsen | wheels on the chair are [finns]
det [finns] hjälpmedel eller specialutrustning | special aids or equipment are [finns]
det [finns] hårdgjord yta på handikapparkeringsplatsen | hardened surface is [finns] on the disabled parking space
det [finns] hörn på sandlådans sarg som kan fungera som ryggstöd | corners of frame that can be used as seating support are [finns]
det [finns] instruktioner för diskmaskin på lättläst svenska | instructions for the dishwasher are [finns] in easy to read swedish
det [finns] instruktioner för diskmaskinen på punktskrift | instructions for the dishwasher are [finns] in braille
det [finns] instruktioner för torktumlare på lättläst svenska | there are [finns] instructions for tumble drier in easy to read swedish
det [finns] instruktioner för torktumlare på punktskrift | there are [finns] instructions for tumble drier in braille
det [finns] kännbar markering på alla reglage på spishällen | there are [finns] tactile markings on all hob controls
det [finns] kännbar markering på alla reglage på torktumlaren | there are [finns] tactile markings on all tumble drier controls
det [finns] kännbar markering under fribärande trappa | there [finns] tactile marking under the free carrying stairs
det [finns] kännbart markerade reglage på tvättmaskinen | there are [finns] tactily marked washing machine controls
det [finns] kösystem som anger könummer visuellt | it is [finns] queuing system that indicates numbers visually
det [finns] lock på sopkärlet som går att ställa upp | there are [finns] bin-lid which can be held open
det [finns] lättmanövrerade funktioner | function that are easy to handle are [finns]
det [finns] löst föremål i gångstråk | loose object in pathway is [finns]
det [finns] markering nedtill som är kännbar med teknikkäpp på det utskjutande föremålet | there are [finns] marking at the bottom of the protruding object which is noticeable with a white cane
det [finns] markering nedtill som är kännbar med teknikkäpp under det utskjutande föremålet | marking at the bottom of the protruding object which can be felt with a white cane is [finns]
det [finns] markering upptill vid ledstångens slut | a marking at the top part of the handrail end is [finns]
det [finns] möjlighet att beställa ledsagning | possibility to book assistance is [finns]
det [finns] möjlighet att hålla förbi infästningar | handrail possible to hold on past the mounting brackets is [finns] here
det [finns] möjlighet att i förväg beställa egenkomponerad mat | possibility to pre-order custom made food is [finns]
det [finns] möjlighet att läsa på läppar genom glasrutan | possibility to to lipread through the glass pane is [finns]
det [finns] möjlighet att själv reglera belysningen | there/it/that [finns] possibility to adjust the lighting
det [finns] möjlighet att skärma av bländande dagsljus | a means of screening off blinding daylight is [finns]
det [finns] möjlighet att spela alla banans hål med golfbil | possibility to play all holes on the course using a golf cart is [finns]
det [finns] möjlighet att tillkalla personal | a means for summoning staff is [finns]
det [finns] mötesplats där sikten är skymd | meeting point where the view is obstructed is [finns]
det [finns] nickel på automatens funktioner | nickel is [finns] on the functions of the machine
det [finns] nickel på ledstången | nickel on the handrail is [finns]
det [finns] plats för fötter under sittytan vid uppresning | space for your feet under the seat surface when standing is [finns]
det [finns] plats för rullstol eller rullator innanför väggarna på vindskyddets kortsida | there are [finns] space for wheelchair or walking frame within the walls of the short side of the wind shelter
det [finns] plats för rullstol eller rullator under vindskyddets tak | there are [finns] space for wheelchair or walking frame under the roof of the wind shelter
det [finns] på automatens funktioner | nickel is [finns] on the functions of the machine
det [finns] ryggstöd på duschstolen | backrest is [finns] on the shower chair
det [finns] ryggstöd på sittplatsen | there is [finns] backrest on the seat
det [finns] sittplats | there is seating [finns]
det [finns] sittplats med sitthöjd 45-50 centimeter ovan underlag | seating with seat height 45-50 centimeters above surface is [finns]
det [finns] strömbrytare som går att nå med rullstol eller rullator | light switch that is reachable using a wheelchair or walking frame is [finns]
det [finns] stödhandtag på höger kortsida | support handle on the right short side is [finns]
det [finns] stödhandtag på vänster kortsida | support handle on the left short side is [finns]
det [finns] teckentolkning som kan beställas | sign interpretation which can be ordered is [finns]
det [finns] tillgång till förstoringsglas med inbyggd lampa | a magnifying glass with a built-in lamp is [finns]
det [finns] tillgång till ledsagning | there is [finns] access to guiding
det [finns] tillgång till personlig service | access to personal service is [finns]
det [finns] trappor ner i vattnet vid flera olika vattendjup | steps into the water are [finns] at several different depths
det [finns] två duschbås bredvid varandra kan utnyttjas som ett utrymme | two shower cubicles next to each other are [finns] that can be used as one space
det [finns] utskjutande föremål | objects that stick out are [finns]
det [finns] utstickande plansteg | there are [finns] protruding level steps
det [finns] visuell information | there/it/that [finns] visual information
det fasta föremålet har en ljushetskontrast på [m] mot bakgrunden | the fixed object has a brightness contrast of [m] against the background
det finns [x] elektromagnetiskt anpassade rum | there is/are [x] electro magnetically adapted room(s)
det finns [x] entrékassor | there are [x] entrances
det finns [x] platser för rullstol | there are [x] wheelchair spaces
det finns [x] platser reserverade för personer med svårt att röra sig | there are [x] spaces reserved for people with impaired mobility
det finns [x] rum anpassade för gäster med astma eller allergi | there is/are [x] rooms adapted for guests with asthma or allergies
det finns [x] rum anpassade för gäster med hörselskada eller dövhet | there is/are [x] rooms adapted for guests with impaired hearing or deafness
det finns [x] rum anpassade för gäster med svårt att röra sig | there is/are [x] rooms adapted for guests with mobility issues
det finns en nivåskillnad på [m] för nå avskilda åskådarutrymmen | there is a level difference of [m] to reach separate audience spaces
det finns en orienteringsskylt vid trappans slut [x] | there is an orientation map at the end of the stairs [x]
det finns möjlighet att [v] hjälpmedel | there are opportunities to [v] aids
det finns utskjutande föremål i trappan [x] | there are protruding objects in the staircase [x]
det fria utrymmet framför monitorn är [b] | the space in front of the monitor is [b]
det högra armstödets höjd är [m] | the height of the right armrest is [m]
det högre nödlarmet på väggen är placerat [m] från golv | the higher emergency alarm on the wall is placed [m] from the floor
det högst placerade låset finns [m] från golvet | the highest placed lock is [m] above the floor
det lägst placerade låset finns [m] från golvet | the lowest placed lock is [m] above the floor
det längsta avståndet mellan två sittplatser är [b] | the longest distance between two seats is [b]
det utskjutande föremålet har [m] i kontrast nedtill | the protruding object has a contrast of [m] at the bottom
det utskjutande föremålet har [m] i kontrast upptill | the protruding object has [m] at the top
det utskjutande föremålet har en fri höjd på [m] | the protruding object has a free height of [m]
det vänstra armstödets höjd är [m] | the height of the left armrest is [m]
det är [m] fri bredd på balkongen | the free width of the balcony is [m]
det är [m] fri höjd under det utskjutande föremålet | there is [m] of free space under the protruding object
det är [x] med pälsdjur i rummet | it is [x] to have furred animals in the room
det är [m] mellan karuselldörr och dörr intill | it is [m] between the revolving door and the door next to it
det är [m] mellan ledstången och väggen | it is [m] between the handrail and the wall
det är [m] mellan väggen och ledstången | it is [m] between the handrail and the wall
det är [nu] steg till vilplan | there is [nu] steps to the resting level
det är [nu] trappsteg till vilplan | there is [nu] steps to the resting level
diametern på den fria vändytan är [b] | the diameter on the free turning space is [b]
digital guide [finns] för teckentolkning | digital guide is [finns] for sign interpretation
digital guide för syntolkning [finns] | digital guide for sight interpretation are [finns]
diplomering [finns] | diploma is [finns]
diskens ljushetskontrast mot bakgrund är [m] | the brightness contrast of the counter against the background is [m]
diskhon har [objekt] | the sink has [objekt]
diskhons arbetshöjd är [m] | the reachable height of the sink is [m]
diskmaskinens reglage har ljushetskontrast [m] mot bakgrund | the dishwasher controls have a lightness contrast of [m] against background
djupet på det fria benutrymmet är [m] | the depth of the leg room is [m]
djupet på hisskorgen är [m] | the lift car is [m] deep
djupet på utrymmet under bordet är [m] | the free legroom under the table is [m] deep
djupet på utrymmet under skötbordet är [m] | the free legroom under the changing table is [m] deep
djupmarkeringens ljushetskontrast är [m] | the lightness contrast of the depth marking is [m]
doftblock eller liknande som avger doft [finns] | air freshener or similar which gives off scent are [finns]
doftblock , doftljus eller annan typ av rumsdoft [finns] | air freshener, scented candles, or other types of room scent are [finns]
draghandtaget är placerat [p] | the pulling handle is [p]
draghandtaget är placerat [m] över golv | the pulling handle is placed [m] above the floor
dusch [finns] som kan användas som handdusch | shower [finns] which can be used as a hand showe
duschen är placerad i [objekt] | the shower is placed in the [objekt]
duschplats som avgränsas med mjuk list [finns] | shower area surrounded by soft ledge is [finns]
duschstol [finns] | shower chair is [finns]
dygnsmedelvärde magnetfältsstyrka är [b] | the 24 hour average value strength of the electricity field is [b]
dörr intill karuselldörr [finns] | the door near the revolving door [finns]
dörr intill vändkors [finns] | the door next to turnstile [finns]
dörr som kan låsas upp utifrån utan speciellt redskap eller nyckel vid nödlarm [finns] | door that can be unlocked from the outside without a special tool or key in case of emergency is [finns]
dörr som öppnas ut i gångstråk [finns] | door which opens out into a pedestrian path is [finns]
dörr till isen [x] som öppnas med en handrörelse | door to the ice [x] which is opened by one hand motion
dörrbladet har en ljushetskontrast på [m] mot dörrkarmen | the door surface has a lightness contrast of [m] against the door frame.
dörrhandtaget är placerat [m] från närmaste hinder | the door handle is placed [m] from the nearest obstacle
dörrhandtaget är placerat [m] från närmsta hinder | the door handle is placed [m] from the nearest obstacle
dörrkarmen har en ljushetskontrast på [m] mot omgivande vägg | the door frame has a lightness contrast of [m] against surrounding wall
dörrlåset är [b] | the door lock is [b]
dörrmattan är [b] | the doormat is [b]
dörrstängare [finns] | door closer is [finns]
dörrstängare [finns] på dörren | door closer [finns] on the door
dörröppningens fria bredd är [m] | the width of the door opening is [m]
dörröppningens fria höjd är [m] | clear height of the door opening is [m]
e-faktura [finns] | e-bill [finns]
eluttag placerat vid arbetsbänkens framkant [finns] | an electric socket is [finns] at the front edge of the work surface
eluttaget är placerat [m] från golvet | the socket is placed [m] from the floor
endast parfymfri tvål [finns] | only soap with no perfume is [finns]
enstaka trappsteg med avvikande höjd [x] | occasional steps of different heights [x]
evenemang som är textbaserat [x] | text-based event are [x]
flaggans ljushetskontrast mot omgivning är [b] | the lightness contrast of the flag against the surroundings is [b]
fri bredd framför automat är [m] | the free turning space in front of the machine is [m] wide
fri bredd framför telefonen är [m] | the free turning space in front of the telephone is [m] wide
fri bredd under bordet är [m] | the free legroom under the table is [m] wide
fri höjd under arbetsbänk är [m] | the height of the space under the work surface is [m]
fri höjd under bordet är [m] | the height of the free space under the table is [m]
fri höjd under disken är [m] | free height under the counter is [m]
fri höjd under diskho är [m] | the free height of the space under the sink is [m]
fri höjd under skötbordet är [m] | the height of the free space under the baby changing table is [m]
fri höjd under spishäll är [m] | the height of the space under the hob is [m]
fri längd framför automat är [m] | the length of the free turning space in front of the machine is [m]
fri längd framför ljusbärare är [m] | length in front of light carrier is [m]
fri längd framför telefonen är [m] | the free turning space is [m] long
fri sikt vid räcke finns från höjden [x] | an unobstructed view at the rail is available above the height of [x]
fri sikt vid räcke finns upp till höjden [m] | an unobstructed view is available at the rail up to the height of [m]
fria vändytans underlag är [x] | surface of free turning space is [x]
fribärande trappa har [objekt] ljushetskontrast upptill | the unsupported staircase has - brightness contrast at the top [objekt]
fritt djup för ben under arbetsbänk är [b] | the space under the work surface is [b] deep
fritt djup för ben under diskho är [b] | the free space for legs under the sink is [b] deep
fritt djup för ben under spishäll är [b] | the depth of the space under the hob is [b]
från första till andra sittplatsen på gångvägen är det [finns] | the distance from one seat to the next is [finns]
funktion [finns] som är lättmanövrerad | function that is easily manoeuvered is [finns]
funktion för att få vatten [finns] som kan användas med bara en hand | a function to get water is [finns] that can be used with only one hand
funktion som inte behöver vridas [finns] | a function that does not need to be turned is [finns]
funktion som inte måste vridas [finns] | a function that does not need to be turned is [finns]
funktionen att nå för att hämta vatten finns [m] över underlaget | the function for getting water is placed [m] above the ground
funktionen är placerad [m] över underlag | the function is placed [m] above the ground
funktionens ljushetskontrast är [b] mot bakgrunden | the lightness contrast of the function is [b] against its background
funktionens typ är [b] | the type of function is [b]
funktioner har ljushetskontrast [m] mot bakgrund | the lightness contrast of the functions is [m] against their background
funktioner markerade med rött och grönt [finns] på automaten | functions marked in red and green are [finns] on the machine
färden med rulltrappan tar [t] | the ride on the escalator takes [t]
för anrop krävs [nu] knapptryckningar | to call [nu] pressings of buttons are needed
förankringen på rampen är [b] | the anchoring of the ramp is [b]
föremål som är väl belysta [finns] | items that are well lit [finns]
föremålets markering är [b] | the marking is [b]
förvaringsboxens bredd är [m] | the width of the storage box is [m]
förvaringsboxens djup är [m] | the depth of the storage box is [m]
gavelns ljushetskontrast mot bakgrunden är [m] | the lightness contrast of the side is [m] against the background
giftiga växter intill eller på lekplatsen [finns] | poisonous plants are [finns] in or near the playground
glasytan har en markering med en ljushetskontrast på [m] | the glass surface has a marking with a lightness contrast of [m] against the background
glipan mellan brygga och ramp är [m] | the gap between the jetty and the ramp is [m]
glipan mellan brädorna är [m] | the gaps between the boards are [m]
glipor mellan brädor är [m] | the gaps between the boards are [m]
greppvänliga handtag på lådor och skåp [finns] | handles on drawers and cabinets easy to grasp [finns]
greppvänligt armstöd [finns] | a grippy armrest is [finns]
grillbädden är [m] från underlag | the barbecue bed is [m] from the ground
grind intill vändkorset [finns] | gate near the turnstile is [finns]
grinden har ljushetskontrast [m] mot omgivande ytor | the gate has a lightness contrast of [m] against surrounding surfaces
grindens passagemått är [m] | the opening of the gate is [m] wide
grindlås [finns] | gate lock is [finns]
gunga anpassad för rullstol [finns] | swing adapted for wheelchair is [finns]
gångmattan är [b] | the runner is [b]
gångvägen lutar som mest [m] i längsled | the pedestrian area tilt is [m]
gångvägen lutar som mest [m] i sidled | the pedestrian area tilts [m] sideways
gångvägen är på det smalaste stället [m] bred | the width of the pedestrian path is [m]
gångvägen är totalt [m] lång | the pedestrian area is [m]
gångvägens bredd är [m] | the width of the pedestrian path is [m]
gångvägens underlag är [b] | the surface of the pedestrian path is [b]
gångvägens underlag är av [n] | the surface of the pedestrian path is [n]
gångvägens yta fram till bryggan är [b] | the area of the path to the jetty is [b]
gångvägens yta fram till vattnet är [b] | the area of the path to water is [b]
gångytan lutar [c] i sidled | the pedestrian area tilts [c] sideways
gångytan längslutning är [c] | the pedestrian area tilt is [c]
gångytan är [b] | the pedestrian area is [b]
gångytan är [m] lång | walking path length is [m]
gångytans bredd är [m] | the walking area is [m] wide
gångytor finns till [objekt] | walking area to [objekt]
gångytor till lekredskap [finns] | there [finns] ways for playground equipment
gångytor är [b] | the walking area is [b]
handfatet har [objekt] | the basin has [objekt]
handfatet har ljushetskontrast [m] mot bakgrunden | the basin has a brightness cotrast of [m] against the background
handikapparkeringsplatsen lutar i längsled [c] | the lengthways tilt of the disabled parking space is [c]
handikapparkeringsplatsen är [m] lång | the disabled parking space is [m] long
handikapparkeringsplatsen är markerad med [objekt] | the disabled parking space is marked by [objekt]
handikapptoalett [finns] som kan nås med rullstol | disabled toilet is [finns] that can be reached in a wheelchair
handtagets ljushetskontrast är [m] mot bakgrund | the brightness contrast of the handle is [m] against background
handtagsfäste för rullstol på kundvagn [finns] | handle attachment for wheelchair on shopping trolley is [finns]
heltäckande textilmatta [finns] | wall-to-wall textile carpet are [finns]
hiss som öppnas ut mot nedåtgående trappa [finns] | lift that opens out onto a descending staircase is [finns]
hissknapp [finns] som behöver hållas intryckt under hela färden | lift button [finns] which needs to be held in for the duration of the ride
hissknapparna har [objekt] som kännbar markering | the lift buttons have [objekt] as a tactile marking
hissknapparna är [m] stora | the lift buttons are [m] large
hissknappen är [b] | the lift button is [b]
hisskorgens bredd är [m] | the lift car is [m] wide
hjälpmedel för aktivitet [finns] på plats | activity aids [finns] on-site
husvägg eller motsvarande [finns] som ersätter avåkningsskydd på höger sida | wall or similar are [finns] which substitutes guard on the right hand side
hyllmärkningen [aer] konsekvent placerad | consistently placed shelf marking is [aer]
hänvisning till servicebrygga eller liknande [finns] | directions to service jetty or similar are [finns]
hållplatsen lutar [c] i längsled | the surface at the stop tilts [c] lengthways
hållplatsens yta är [m] | the surface at the stop is [m]
hållplatsytan [aer] jämn | stop area [aer] even
hållplatsytan lutar [c] i sidled | the stop surface tilts [c] sideways
hållplatsytan är [m] bred där den främre fordonsdörren finns när fordonet har stannat vid hållplatsen | the area at the stop is [m] wide near where the front door of the vehicle is when at the stop.
höger armstöd är [b] | armrest is [b]
högra handledarens höjd är [m] | the height of the handrail on the right is [m]
högra ledstångens kontrast är [m] mot bakgrund | the lightness contrast of the right handrail is [m] against the background
högsta arbetshöjd på upphöjd diskho är [m] | the highest reachable height of a raised sink is [m]
högsta del på stödhandtag är placerat [m] från underlag | the highest part of the grab rail is placed [m] from the ground
högsta fria höjd under diskhon är [m] | the highest free height under the sink is [m]
högsta fria höjd under spishällen är [m] | the highest height of space under the hob is [m]
högsta funktion är placerad [m] från underlaget | the highest function is placed [m] above the ground
högsta hyllan är placerad [m] från underlag | the highest shelf is placed [m] from the ground
högsta höjd på det höj- och sänkbara bordet är [m] | the highest height of the adjustable table is [m]
högsta höjd på handtag på rullstolsanpassad kundvagn är [m] | the highest height of handle on the wheelchair adapted shopping trolley is [m]
högsta höjd på höj- och sänkbar spishäll är [m] | the highest height of the adjustable hob is [m]
högsta höjd på korgsidor på rullstolsanpassad kundvagn är [m] | the highest height of the basket sides of the wheelchair adapted trolley is [m]
högsta höjd på lekredskap är [m] | highest height of playground equipment is [m]
högsta höjd på nedre delen av föremål i monter eller liknande är [m] | the highest height of the lower part of objects in display cases or similar is [m]
högsta höjd på upphöjd arbetsbänk är [m] | the highest possible height of a raised work surface is [m]
högsta höjd på upphöjd behandlingsbänk är [m] | the highest height of a raised treatment bench is [m]
högsta höjd på upphöjd brits är [m] | the highest height of the raised gurney is [m]
högsta höjd på upphöjd säng är [m] | the highest height of a raised bed is [m]
högsta höjden på den höj- och sänkbara disken [m] | maximum height of the height-adjustable desk [m]
högsta höjden på disken är [m] | the highest height of the counter is [m]
högsta höjden på kortläsaren är [m] | the highest height of the card reader is [m]
högsta placering av hinkar är [m] | highest height of buckets is [m]
högsta placering av teknisk funktion är [m] . | the highest height of technical function is [m]
högsta placering på funktioner är [m] | the highest height of functions is [m]
högsta sitthöjd på stol är [m] | the highest seating height is [m]
högsta sitthöjd är [m] | the highest seating height is [m]
högtalarinformation med god ljudkvalitet [finns] | loudspeaker information of good sound quality is [finns]
höjd på barnpall [m] | the height of the stool for children is [m]
höjd på kant till podium är [m] | the height of the podium edge is [m]
höjden på det lägre nödlarmet på väggen är [m] | the lower emergency alarm on the wall is placed [m] from the floor
höjden på disken är [m] | the height of the counter is [m]
höjden på högst placerade ljus är [m] | the height of the highest placed lights is [m]
höjden på högsta delen av disken [m] | height at the highest part of the counter [m]
höjden på lägst placerade ljus är [m] | the height of the lowest placed lights is [m]
höjdskillnad till avfasning av kanten vid rulltrappans början är [m] | the height difference to the bevelling of the edge near the beginning of the escalator is [m]
höjdskillnad till avfasning av kanten vid rulltrappans slut är [m] | the height difference to the bevelling of the edge at the end of the escalator is [m]
höjdskillnad till avfasning är [m] | the height difference to the bevelling is [m]
höjdskillnaden till avfasningen är [m] | the height difference to the bevelling is [m]
hörselteknisk utrustning [finns] | audio technical equipment is [finns]
hörselteknisk utrustning [finns] i lokalen | hearing aid equipment is [finns] in the room or area
hörselteknisk utrustning som innefattar podiet [finns] | audio technology equipment that includes the podium [finns]
hörselteknisk utrustning vid guidning eller visning används [x] | audio equipment when guiding or showing [x]
hörselteknisk utrustning är [b] | audio technical equipment is [b]
information finns på punktskrift | information is available in braille
information om vad varorna innehåller [finns] | information about what the products contain is [finns]
information på lättläst svenska [finns] | information in easy to read swedish [finns]
informationen är [b] | the information is [b]
informationstavlans knapp har [objekt] | the button of the information board has [objekt]
instruktion för ugn på punktskrift [finns] | oven instructions in braille [finns]
instruktion som det går att komma nära intill [finns] som komplement till högt placerad instruktion | instruction that is easy to get close to is [finns] as a complement to instruction placed high up
instruktion som går att komma nära intill [finns] som komplement till högt placerad instruktion | instruction that is easy to get close to is [finns] as a complement to instruction placed high up
instruktionen finns som [x] | the instructions are available as [x]
instruktionen är [b] | the instructions are [b]
instruktionens bakgrund är [b] | the background to the instruction is [b]
instruktionens högsta placering på automaten är [m] över underlaget | the highest instruction is placed [m] above ground
instruktionens högsta placering är [m] över underlaget | the highest instruction is placed [m] above the ground
instruktionens ljushetskontrast är [m] mot bakgrunden | the lightness contrast of the instruction is [m] against the background
instruktionens lägsta placering på automaten är [m] över underlaget | the lowest instruction is placed [m] above the ground
instruktionens lägsta placering är [m] över underlaget | the lowest instruction is placed [m] above the ground.
instruktionens textstorlek är [m] | the text size of the instruction is [m]
instruktionens typ av text är [objekt] | the text type for the instructions is [objekt]
instruktioner för mikrovågsugnen på lättläst svenska [finns] | instructions for microwave in easy to read swedish are [finns]
instruktioner för mikrovågsugnen på punktskrift [finns] | instructions for microwave oven in braille are [finns]
instruktioner för tvättmaskin på lättläst svenska [finns] | instructions for washing machine in easy to read swedish [finns]
instruktioner för tvättmaskin på punktskrift [finns] | instructions for washing machine in braille [finns]
instruktionerna har ljushetskontrast [m] | the instructions have a lightness contrast of [m]
instruktionerna är på [l] | the instructions are in [l]
kantstenens höjd är [m] | the height of the kerb stone is [m]
kanten vid rulltrappans början är [m] hög | the edge at the beginning of the escalator is [m] high
kantens avfasning lutar [c] | the bevelling of the edge has an angle of [c]
kantens höjd är [m] | the edge is [m] high
kantstenen vid hållplatsen är [m] hög | the kerb near the stop is [m] high
karta [finns] | map are [finns]
karta över området [finns] | guidmap for bohus fortress is [finns]
karusell [finns] som är anpassad för rullstol | roundabout adapted for wheelchair is [finns]
kassans höjd är [m] från underlaget | the height of the check-out is [m] above the ground
kassapriset är placerat [m] från underlaget | the check-out price is placed [m] from the surface
klädskåpet är placerat [m] från närmaste hörn | the clothes cupboard is placed [m] from the nearest corner
klädskåpets bredd är [m] | the width of the clothes cupboard is [m]
klädskåpets djup är [m] | the depth of the clothes cupboard is [m]
klädstången är placerad [m] från golvet | the clothes bar is placed [m] above the floor
klättring med olika svårighetsgrad [finns] | climbing with different severity is [finns]
knapp för talad information är placerad [m] om skylt | button for spoken information is placed [m] of sign
knapp är [b] | the type of buttons is [b]
knapparna är [m] i diameter | the buttons have a diameter of [m]
knapparnas diameter är [m] | the buttons have a diameter of [m]
knapparnas markering är [b] | the marking of the buttons is in [b]
knappen är en [n] | the type of buttons is [n]
knappen är placerad [m] från underlaget | the button is placed [m] from the ground
knappens ljushetskontrast mot bakgrund [m] | button’s brightness contrast against background [m]
knappens utformning : [x] | the design of the button [x]
knappsatsens ljushetskontrast är [m] | the brightness contrast of the keypad is [m]
knappsatsens ljushetskontrast är [m] mot bakgrunden | the lightness contrast of the keypad is [m] against its background
kantstenens ljushetskontrast är [m] | the brightness contrast of the kerb stone is [m]
knutpunkten är [b] att hitta | the meeting point is [b] to find
kommunikationshjälpmedel [finns] | aids for communication are [finns]
konsekvent placering av alla funktioner [finns] | consequently placed functions is [finns]
kontrastmarkering alla steg [finns] | contrast marking all steps are [finns]
kontrastmarkering alla trappsteg [finns] | contrast marking all steps are [finns]
korsningens markering har en ljushetskontrast på [m] mot bakgrunden | the marking of the crossing has a brightness contrast of [m] against the background
kortaste avstånd till lift är [m] | the shortest distance between the area for boarding and alighting, and the lift, is [m]
kortaste avståndet mellan knappar är [m] | the shortest distance between buttons is [m]
krok är placerad [m] från klädskåpets golv | the hook is placed [m] from the floor of the clothes cupboard
kroken har höjden [m] | the hook has the height [m]
kroken är placerad [m] från hörn | the hook is placed [m] from corner
kuddar och dynor av polyester [finns] | pillows and cushions made of polyester are [finns]
kundpåsarna är placerade på höjden [m] | the height at which the customer bags are placed is [m]
kundvågens höjd är [m] | the height of the customer scales is [m]
kyl är placerad [m] från närmaste hörn | the fridge is placed [m] from the nearest corner
kännbar markering [finns] på alla reglage på diskmaskinen | tactile markings are [finns] on all dishwasher controls
kännbar markering [finns] på knapp för nödlarm | tactile marking on button for emergency alarm is [finns]
kännbar markering på alla reglage på mikrovågsugnen [finns] | tactile markings on all microwave oven controls are [finns]
kännbart ledstråk [finns] | tactile trail is [finns]
kännbart ledstråk [x] till påstigningsplatsen | tactile trail is [x] to the place for boarding
kännbart ledstråk [x] utmed hållplatsytan | tactile trail is [x] alongside the stop area.
kännbart markerade anropsknappar [finns] | tactily marked call buttons are [finns]
kännbart markerade reglage på ugn [finns] | tactily marked oven controls [finns]
kösystem [finns] som anger könummer akustiskt | queuing system [finns] that indicates numbers acoustically (by audio)
kösystemet är [b] | the queuing system is [b]
landgångsbryggans bredd är [m] | the gangway is [m] wide
larminstruktion på engelska [finns] | emergency instructions in english are [finns]
larminstruktion på lättbegriplig svenska [finns] | alarm instructions in easy to understand swedish are [finns]
larminstruktion på punktskrift [finns] | alarm instructions in braille are [finns]
larminstruktion som bildsymbol [finns] | alarm instructions as picture symbols are [finns]
larmknapp som är visuellt markerad [finns] | visually marked button for emergency alarm is [finns]
ledstråket har en ljushetskontrast på [m] mot underlaget | the floor trail to the entrance has [m]
ledstråkets ljushetskontrast är [m] mot underlag | the lightness contrast of the marked trail is [m] against its background
ledstänger finns på höger och vänster sida [x] | there are handrails on both the right and the left hand sides
ledstång placerad på samma sida som manöverpanelen [finns] | handrail is [finns] on the same side as the control panel
ledstång som löper oavbrutet [finns] | handrail that runs continuously is [finns]
ledstång som slutar tvärt vid nedersta delen [finns] | handrail that ends abruptly at the lower part is [finns]
ledstång som slutar tvärt vid nedersta delen [finns] | handrail that ends abruptly at the lower part is [finns]
ledstång som slutar tvärt vid översta delen [finns] | handrail that ends abruptly at the top part is [finns]
ledstången [x] slutar innan översta delen | the handrail ends [x] before the top part
ledstången har en ljushetskontrast på [m] | the handrail has a lightness contrast of [m]
ledstången slutar [m] innan nedersta delen | handrail stops [m] before the bottom end
ledstången slutar [m] innan nedersta trappsteget | handrail stops [m] before the bottom end
ledstången slutar [m] innan rampen tar slut | the handrail ends [m] before the bottom end of the ramp
ledstången slutar [m] innan rampen tar slut | handrail stops [m] before the bottom end of the ramp
ledstången slutar [m] innan översta delen | the handrail ends [m] before the top part
ledstången slutar [m] innan översta delen | the handrail ends [m] before the top part
ledstången sträcker sig [m] förbi nedersta delen | the handrail extends [m] past the part
ledstången sträcker sig [m] förbi översta delen | the handrail extends [m] past the part
ledstången är [m] ovanför golvet | the handrail is [m] above the floor
ledstångens diameter är [m] | the handrail diameter is [m]
ledstångens höjd är [m] | the height of the handrail is [m]
ledstångens kontrast är [m] mot bakgrund | the lightness contrast of the handrail is [m] against the background
ledstångens ljushetskontrast är [m] | the brightness contrast of the handrail is [m]
lekaktiviteter som finns på lekplatsen : [list] | activities available on the playground: [list]
lekaktiviteter som har tillgängliga och användbara alternativ [list] | playground activities with accessible and usable alternatives: [list]
lekhörna [finns] | play area is [finns]
lekplatsentréns fria passagebredd är [m] | free passage width of playground entrance is [m]
lekplatsentréns ljushetskontrast mot omgivande yta är [m] | lightness contrast of playground entrance against surroundings is [m]
lekredskap som går att komma nära intill [finns] | there is [finns] playground equipment that is going to come close to
ljuddämpande avskärmning [finns] | noise reducing shield is [finns]
ljudet får en [a] efterklang | the sound has a [a] lingering note
ljudet har [a] efterklang | the sound lingers for a [a] time
ljudisolerade åskådarutrymmen med högtalare för ingående ljud [finns] | soundproofed audience rooms, with loudspeakers for incoming sound, are [finns]
ljudmiljön är [b] | the sound environment is [b]
ljushetskontrast mellan markeringens färger är [m] | the lightness contrast between the colours of the marking is [m]
ljushetskontrast mot annan dörrmarkering är [m] | the brightness contrast against other door marking is [m]
ljushetskontrast på hyllmärkning är [m] | the lightness contrast of the shelf marking is [m]
ljushetskontrast på inslaget pris är [m] | lightness contrast of the registered price is [m]
ljushetskontrast på texten på displayen är [m] mot bakgrunden | the lightness contrast of the text on the display is [m] against the background
ljushetskontrasten där du ställer fram koppen eller hämtar den , är [m] mot bakgrunden | the lightness contrast of where you place or collect the cup is [m] against its background
ljushetskontrasten på den övre markeringen av dörren är [m] | the brightness contrast of the upper door marking is [m]
ljushetskontrasten på kanten vid rulltrappans nedre del är [m] mot bakgrunden | the lightness contrast of the edge at the beginning of the escalator is [m] against the background
ljushetskontrasten på kanten vid rulltrappans övre del är [m] mot bakgrunden | the lightness contrast of the edge at the end of the escalator is [m] against the background
ljushetskontrasten på ledstråket till påstigningsplatsen är [m] mot bakgrunden | the lightness contrast of the trail to the boarding place is [m] against the background
ljushetskontrasten är [m] mot omgivande ytor | lightness contrast is [m] against surrounding surfaces
luckans underkant är [m] från golv | the lower edge of the door is [m] from the floor
lutning i sidled är [m] | the sideways tilt is [m]
lutningen i längsriktning är [m] | the lengthways tilt is [m]
lutningen längsled på svängrumsytan efter grinden är [m] | the turning space behind the gate tilts lengthways [m]
lutningen längsled på svängrumsytan före grinden är [m] | the tilt lengthways on the turning space in front of the gate is [m]
lutningen på bredden på den fria ytan intill sittplatsen är [m] | the slope of the width of the free surface next to the seating position is [m]
lutningen på längden av den fria ytan intill är [m] | the free space tilts [m] lengthways
lutningen på rampen är [m] lång | the tilt of the ramp is [m] long
lutningen på tröskelns avfasning är [m] | the tilt of the bevelling of the threshold is [m]
lutningen sidled på svängrumsytan efter grinden är [m] | the sideways tilt on the turning space behind the gate is [m]
lutningen sidled på svängrumsytan före grind [m] | the tilt sideways on the turning space in front of the gate is [m]
lutningens bredd är [m] | the width of the tilt is [m]
lutningens längd är [m] | the length of the tilt is [m]
lutningens sträckning är [b] | the length of the slope is [b]
lyftanordning finns [finns] | mobile lifting device is [finns] on request
lyftanordningen är [b] | the lifting device is [b]
lägre nödlarm på vägg är placerat [m] från golv | lower emergency alarm on the wall is placed [m] from the floor
lägre sittplats [finns] | there [finns] lower seating
lägsta arbetshöjd på nedsänkt diskho är [m] | the lowest reachable height of lowered sink is [m]
lägsta del på stödhandtag är placerat [m] från underlag | the lowest part of the grab rail is placed [m] from the ground
lägsta fria höjd under arbetsbänken är [m] | the lowest height of the space under the work surface is [m]
lägsta fria höjd under diskhon är [m] | the lowest free height under the sink is [m]
lägsta funktionen är [m] från underlaget | the height of the lowest placed function is [m] above ground
lägsta hyllan är placerad [m] från underlag | the lowest shelf is placed [m] from the ground
lägsta höjd att nå för att välja dryck är [m] över underlaget | the lowest height to reach for selecting a drink is [m] above ground
lägsta höjd avåkningsskyddet är [m] | the lowest height of the safety edge is [m]
lägsta höjd på höj- och sänkbar spishäll är [m] | the lowest height of the adjustable hob is [m]
lägsta höjd på höj- och sänkbara bordet är [m] | the lowest height of the adjustable table is [m]
lägsta höjd på lekredskap är [m] | lowest height of playground equipment is [m]
lägsta höjd på nedsänkt arbetsbänk är [m] | the lowest possible height of a lowered work surface is [m]
lägsta höjd på nedsänkt behandlingsbänk är [m] | the lowest height of a lowered treatment bench is [m]
lägsta höjd på nedsänkt brits är [m] | lowest height of lowered gurney is [m]
lägsta höjd på nedsänkt säng är [m] | the lowest height of a lowered bed is [m]
lägsta höjden på funktionerna är [m] | the lowest height of functions is [m]
lägsta höjden på kortläsaren är [m] | the lowest height of the card reader is [m]
lägsta höjden på receptionsdisken är [m] | the lowest height of the reception counter is [m]
lägsta markerade djup är [m] | the lowest marked depth is [m]
lägsta sitthöjd är [m] | the lowest seating height is [m]
lägsta sopinkastet är placerat [m] från underlaget | the lowest rubbish chute is placed [m] from the ground
längd på stödhandtag är [m] | the length of the support handle is [m]
längden på backens alternativa gångväg är [m] | the length of the slopes alternative footpath is [m]
längden på den fria ytan framför bollmaskin är [m] | the length of the free space in front of the ball dispenser is [m]
längden på den fria ytan intill sittplatsen är [m] | the length of the free surface next to the seating is [m]
längden på den lägsta delen av den höj- och sänkbara disken är [m] | length of the lowest part of the height-adjustable counter [m]
längden på den lägsta delen av disken är [m] | length of the lowest part of the counter [m]
längden på den totala golvytan är [m] | the length of the total floor space is [m]
längden på disken är [m] | the length of the counter is [m]
längden på draghandtaget är [m] | the length of the pulling handle is [m]
längden på svängrumsytan efter grinden är [m] | the length of the turning space behind the gate is [m]
längden på ytan lutar [c] | the length of the space tilts [c]
längden är [m] | the length is [m]
läsbar information [finns] som komplement till högtalarinformationen | readable information is [finns] which complements the information given through loudspeakers
läsplatta vid receptionsdisk [finns] | readingtablet at reception is [finns]
lättbegripliga instruktioner [finns] | instructions that are easy to understand are [finns]
lås som kan öppnas och stängas med en enda handrörelse [finns] | lock which can be opened and closed with a single hand motion is [finns]
lås som kan öppnas och stängas med en handrörelse [finns] | lock which can be opened and closed by a hand motion [finns]
låsbara hjul [finns] på sittplatsen | lockable wheels are [finns] on the chairr
låsbart klädskåp [finns] | lockable clothes cupboard [finns]
låset är placerat [m] från golvet | the lock is placed [m] above the floor
madrass av polyester [finns] | matress made of polyester are [finns]
madrass med tagel renat från protein [finns] | matress made of horsehair cleansed of protein are [finns]
manöverdonet innanför dörren har en ljushetskontrast på [m] | the manoeuvering tool inside the door has a lightness contrast of [m]
manöverdonet innanför dörren är placerat [m] från närmaste hinder | the manoeuvering tool inside the door is placed [m] from the nearest obstacle
manöverdonet innanför dörren är placerat [m] över underlaget | the manoeuvering tool inside the door is placed [m] above the floor
manöverdonet utanför dörren har en ljushetskontrast på [m] | the manoeuvering tool outside the door has a lightness contrast of [m]
manöverdonet utanför dörren är placerat [m] från närmaste hinder | the manoeuvering tool outside the door is placed [m] from the nearest obstacle
manöverdonet utanför dörren är placerat [m] över underlaget | the manoeuvering tool outside the door is placed [m] above the floor
manöverdonet är placerad [m] över golvet | the manoeuvering tool is placed [m] above the floor
manöverdonet är placerat [m] från närmaste hinder | the manoeuvering tool is placed [m] from the nearest obstacle
manöverpanelen är [b] | the manoeuvering panel is [b] from the wall
markering av ruta på marken [x] | marking of parking space on the ground is [x]
markering vid ledstångens slut nedtill [x] | a marking at the end of the handrail on the lower part is [x]
markering vid ledstångens slut nertill [x] | a marking at the end of the handrail on the lower part is [x]
markering vid ledstångens slut nertill [x] | a marking at the end of the handrail on the lower part is [x]
markering är [b] | the marking is [b]
markeringen har en ljushetskontrast på [m] mot bakgrunden | the marking has a lightness contrast of [m] against the background
markeringen nedtill av fribärande trappan har en ljushetkontrast på [m] | the lower marking of the unsupported staircase has a brightness contrast of [m]
markeringen på sopkärlet har [m] i ljushetskontrast | the marking on the bin has a brightness contrast of [m]
markeringen är [b] | the marking is [b]
markeringen är placerad [m] över golv | the marking is placed [m] above the floor
markeringens andra färg är [b] | the other colour of the marking is [b]
markeringens färg är [b] | the colour of the marking is [b]
markeringens underkant är placerad [m] över underlaget | the lower edge of the marking is placed [m] above the ground
markeringens överkant är placerad [m] över underlaget | the upper edge of the marking i placed [m] above the ground
marksymbol [finns] | ground symbol is [finns]
maten hanteras [finns] | the food is handled [finns]
materialet är anpassat för åldrarna [x] | material for ages [x]
maträtter som kan komponeras efter gästens önskemål vid allergi [finns] | dishes that can be put together according to the guest’s wishes in cases of allergy are [finns]
maträtter som visas på bild [finns] | dishes shown in pictures are [finns]
matsedeln har [objekt] | the menu has [objekt]
matsedelns textstorlek är [b] | the character size on the menu is [b]
maxdjupet är [m] | the maximum depth is [m]
mellan sittplatsen och entrén är avståndet [m] | the distance between the seat and the entrance is [m]
mikrovågsugnens centrum är [m] över golvet | the centre of the microwave oven is [m] above the floor
mikrovågsugnens reglage har ljushetskontrast [m] mot bakgrund | the microwave oven controls have a brightness contrast of [m] against background
minsta bredd för vändmöjlighet inklusive gångvägen är [m] | the lowest width for turning around inclusive of pedestrian area is [m]
minsta bredd för vändmöjlighet inklusive gångyta är [m] | the turn-around space is at least [m] wide including walking area
minsta djupet är [m] | the minimum depth is [m]
minsta textstorlek på hyllmärkning är [m] | the smallest text size of shelf marking is [m]
monitorns funktioner är placerade [m] från underlag | the functions of the monitor are placed [m] from the ground
myntinkastet är placerat [m] från närmaste hörn | the coin slot is placed [m] from the nearest corner
myntinkastet är placerat [m] från underlaget | the coin slot is placed [m] from the ground
möjlighet att betala med kontanter [finns] | possibility to pay with cash [finns]
möjlighet att hålla förbi infästningar [finns] | handrail possible to hold on past the mounting brackets is [finns] here
möjlighet att nå basvaror utan att passera starkt doftande varor [finns] | ability to reach staple commodities without passing strong smelling items is [finns]
möjlighet att nå kassor utan att passera starkt doftande varor [finns] | ability to reach check-outs without passing strong smelling items is [finns]
möjlighet att ta tvål med en hand [finns] | soap dispenser using one hand is [finns]
möjlighet att välja teckenstorlek på informationen [finns] | possible to choose information font size [finns]
nedersta knappraden är placerad [m] från golv | the lower row of buttons is placed [m] from the floor
nedersta trappsteget har en kontrastmarkering på [m] | the bottom step has a contrast marking of [m]
nickel [finns] | nickel is [finns]
nickel [finns] i dörrhandtag | nickel [finns] in door handles
nickel [finns] i knappar | nickel [finns] in buttons
nickel [finns] i ledstänger | nickel [finns] in handrail
nickel [finns] i manöverdon | nickel [finns] in manoeuvering tool
nickel finns i [objekt] | there is nickel in [objekt]
nickel förekommer [i] | nickel can be found [i]
nivåskillnad mellan hissgolv och ytan utanför är [m] när hissen stannat | the difference in level between the lift floor and the area outside is [m] when the lift has stopped
nivåskillnaden mellan väderskyddet och marken utanför är [m] | the difference in level between shelter and ground is [m]
närområdeskarta [finns] | area map [finns]
nästa vändmöjlighet finns om [m] | the next turn-around opportunity will be in [m]
nästa vändmöjlighet på gångvägen finns om [m] | the next turn-around opportunity will be in [m]
nödlarm [finns] placerat vid eller på manöverpanelen | emergency alarm that is placed on or next to the control panel are [finns]
nödlarm eller nödtelefon [finns] som är kopplad till dygnet-runt-bemanning | emergency alarm or emergency telephone, that is connected to staff around-the-clock, is [finns]
nödlarm med tryckknapp på sladd [finns] | emergency alarm with switch on a cord is [finns]
nödlarm på vägg är placerat [m] från golv | emergency alarm on the wall is placed [m] from the floor
nödlarm som går under öppettid till ständigt bemannad reception eller liknande [finns] | emergency alarm which goes to a constantly manned reception, or similar, during opening hours is [finns]
nödlarm som larmar med ljudsignal utanför dörr [finns] | emergency alarm using a sound signal outside the door is [finns]
nödlarm som larmar med ljussignal utanför dörr [finns] | emergency alarm using a light signal outside door is [finns]
nödlarm som testas regelbundet [finns] | emergency alarm which is tested regularly is [finns]
nödlarmet har [objekt] | the emergency alarm has [objekt]
nötter i lösvikt [finns] | loose nuts are [finns]
ombud för [finns] | representative of [finns]
orienteringstavlan har [objekt] | the orientation sign has additional signage with [objekt]
pall för barn [finns] | a stool for children is [finns]
passagebredd vid kassan är [m] | the width of the space by the check-out is [m]
passagebredden genom vändkorset är [m] | the passage through the turnstile is [m] wide
passagetiden är [t] | the passage time is [t]
passageöppningens fria bredd är [m] | the gateway is [m] wide
passageöppningens kanter har en ljushetskontrast på [m] mot omgivande yta | lightness contrast sides of gateway against surrounding surfaces is [m]
personal [finns] på plats | staff is [finns] on site
personal [finns] som har kunskap om befintliga hjälpmedel och utrustning , samt hur den används | staff that have knowledge regarding existing aids and equipment, and how they are used, is [finns]
personal [finns] som har kunskap om den hörseltekniska utrustningen | staff with knowledge of how to use the hearing equipment is [finns]
personal på plats som kan tecken som stöd [finns] | staff on-site who know signing as support is [finns]
personal på plats som kan teckenspråk [finns] | staff is [finns] on-site who know sign language
personal som har instruktion för åtgärd vid nödlarm [finns] | staff who have instructions for action in case of emergency are [finns]
personlig service [finns] vid beställning | personal service is [finns] on request
personlyften är [b] | the person lift is [b]
podiets kant har ljushetkontrast [m] | the edge of the podium has a brightness contrast of [m]
podium [finns] i nivå med golv | podium which is level with floor are [finns]
pollare intill övergångsställe [finns] | bollard next to pedestrian crossing are [finns]
porttelefonen är placerad [m] från närmaste hinder | entryphone is placed [m] from nearest obstacle
porttelefonens funktioner är placerade [m] från marken | the entryphone functions are placed [m] from the ground
porttelefonens ljushetskontrast mot bakgrund är [m] | the brightness contrast of the entryphone against the background is [m]
på [objekt] finns skyddsräcke på bryggan | on the jetty, there is a safety rail on the [objekt]
på gångvägen [finns] en ränndal som inte är övertäckt | uncovered gutter [finns]
på gångvägen [finns] en sittplats | there are [finns] seating
på gångvägen [finns] möjlighet att vända | turn-around opportunity is [finns]
på gångvägen [finns] mötesplats med skymd sikt | meeting point where the view is obstructed is [finns]
på gångvägen [finns] utskjutande föremål | there are [finns] protruding objects
på gångvägen finns [objekt] | there is [objekt]
ramp [finns] som kompenserar den här trappan | ramp is [finns] as a compensation to this staircase
ramp som leder upp på sandlådebordet [finns] | a ramp leading up onto the elevated sandbox is [finns]
rampen lutar [c] | the ramp tilts [c] lengthways
rampen lutar [c] i sidled | the ramp tilts [c] sideways
rampen lutar [c] på längden | the ramp tilts [c] lengthways
rampen är [m] bred | the ramp is [m] wide
rampens avåkningsskydd är en [n] | the type of safety edge on the left hand side of the ramp is [n]
rampens brädor är [b] | the boards of the ramp are [b]
rampens nedersta del har en kontrastmarkering på [m] | the lower part of the ramp has a contrast marking of [m]
rampens underlag är [b] | the surface of the ramp is [b]
rampens översta del har en kontrastmarkering på [m] | the upper part of the ramp has a contrast marking of [m]
redskap [finns] som är lätta att lyfta | equipment that is easy to lift is [finns]
redskap är placerade [m] från underlag | tools are placed [m] from the ground
redskapsstället har [objekt] ljushetskontrast mot bakgrund | the tool stand has [objekt] brightness contrast against the background
regelbunden kontroll av den hörseltekniska utrustningens funktion [finns] | regular controls of the functionality of the hearing equipment are [finns]
reglage på spishäll är [b] | the controls on the hob are [b]
reglagen har ljushetskontrast [m] mot bakgrund | the controls have a brightness contrast of [m] against background
relief [finns] på skylten | sign is [finns] in relief
reliefmarkeringen är [x] | the relief marking is [x]
reliefmarkeringens ljushetskontrast är [m] mot bakgrunden | the lightness contrast of the relief marking is [m] against its background
ringklockan är [b] | the bell is [b]
ringklockan är placerad [m] från närmaste föremål | the bell is placed [m] from the nearest object
ringklockan är placerad [m] över underlaget | the bell is placed [m] above the ground
ringklockans ljushetskontrast mot bakgrunden är [m] | the lightness contrast of the bell is [m] against the background
rullstolsplatser [finns] fördelade i lokalen | wheelchair spaces is [finns] distributed in the space
rulltrappan kompletteras med [objekt] | the escalator is complemented with [objekt]
rulltrappan rör sig [i] | the escalator moves [i]
rummet städas [nu] gånger per vecka | the room is cleaned [nu] per week
rutiner för tolkning [finns] | rutines for interpreter are [finns]
räcke på sidan fram till platsen för i- och uppstigning [finns] | handrail on the side leading to the point where you get into or out of the boat or water is [finns]
räfflade brädor på rampen [finns] | grooved boards on the ramp is [finns]
ränndal som inte är övertäckt [finns] | uncovered gutter [finns]
rökning i rummet är [b] | smoking in the room is [b]
rökning på balkong [x] | smoking [x] on balcony
rökning på uteplats [x] | smoking [x] on patio
rökplatsen [aer] placerad så att rök kan undvikas i entrén eller byggnaden | a smoking area is [aer] that is placed so that smoke is avoided inside the building and by the entrance
sandlåda på marknivå [finns] | sandbox at ground level is [finns]
separat väntrum för tolk [finns] | seperate space/waiting area for interpreter is [finns]
sidohängd ugnslucka [finns] | side hung oven door is [finns]
sitthöjden på duschstolen är [m] | the seating height of the shower chair is [m]
sitthöjden på toalettstolen är [m] | the seating height of the toilet is [m]
sittplats [finns] intill aktivitet | seat [finns] near the activity
sittplats vid grillplats [finns] | seat [finns] near the barbecue area
sittplats är [b] | seat is [b]
sittplatsen är placerad [x] gångyta eller mötesplats | the seat is located [x] walking surface or passing place
sittring av hårt material [finns] | seat made of a hard material are [finns]
sittytan skjuter ut [m] utanför bordets ben | the seating space protrudes [m] outside the table’s legs
sittytan är [m] bred | the seating area is [m] wide
självbetjäningsdiskens höjd är [m] | the height of the self service counter is [m]
skivans djup är [m] | the shelf is [m] deep
skrapgallret är [b] | the wiping grid is [b]
skydd [x] finns mot solen | protection against sunshine is [x]
skyddande gavlar [finns] | protective sides are [finns]
skylt [finns] placerad bredvid dörr på samma sida som dörrhandtaget | sign is [finns] placed next to door on the same side as the doorhandle
skylt [finns] placerad på dörr | sign are [finns] placed on door
skylt med information om verksamheterna [finns] | sign with information about businesses and activities is [finns]
skylt med symbol [finns] | sign with symbol is [finns]
skylt vid lekplatsens entré med geokoordinater [finns] | sign at playground entrance with geo-coordinates is [finns]
skylt vid lekplatsens entré som har namn på lekplatsen med adress [finns] | sign at playground entrance with the name and address of the playground is [finns]
skylt vid lekplatsentrén med uppgift om ansvarig förvaltning för lekplatsen [finns] | sign at playground entrance with information about department responsible for the playground is [finns]
skyltar [finns] som hänvisar till in- och utgångar till lekplatsområdet | signs for entrances and exits to the playground area are [finns]
skyltar som hänvisar till aktiviteter inom lekplatsområdet [finns] | signs for activities in the playground area are [finns]
skylten har [objekt] | the sign has [objekt]
skylten i förhållande till dörr är placerad [in] | the sign in relation to the door is placed [in]
skyltens belysning är [b] | the sign lighting is [b]
skyltens höjd över underlaget [m] | the height of the sign above the ground is [m]
skyltens höjd över underlaget är [m] | the height of the sign above the floor is [m]
skyltens information finns med [x] | the sign information is available with [x]
skyltens ljushetskontrast mot omgivning är [m] | the lightness contrast of the sign against the surroundings is [m]
skyltens ljushetskontrast är [m] mot bakgrunden | the brightness contrast of the sign is [m] against the background
skyltens nedre kant är [m] från underlag | the lower edge of the sign is [m] from the ground
skyltens utformning består av [objekt] | the design of the sign consist of [objekt]
skyltens vinkel är [m] | the angle of the sign is [m]
skyltens översta kant är [m] från underlag | the upper edge of the sign is [m] from the ground
skötbord [finns] | changing table is [finns]
skötbordets bredd är [m] | the width of the changing table is [m]
skötbordets höjd är [m] | the height of the changing table is [m]
skötbordets längd är [m] | the length of the changing table is [m]
slagyta [finns] som är kännbar med teknikkäpp | area where the door opens up is [finns] that can be felt with a white cane
slagytans ljushetskontrast är [m] | the lightness contrast of the area where the door opens up is [m]
sopinkastet har ljushetskontrast [m] mot bakgrund | the rubbish chute has a brightness contrast of [m] against background
sorteringsanvisningarna består av [objekt] | the sorting instructions consist of [objekt]
specialutrustning [finns] att hyra | special equipment [finns] for hire
speciell mötesplats för ledsagning [finns] | special meeting point for assistance is [finns] on site
spegelns underkant är [m] från golvet | the lower edge of the mirror is [m] from the floor
spegelns överkant är [m] från golvet | the upper edge of the mirror is [m] from the floor
spishällens arbetshöjd är [m] | the working height of the hob is [m]
språk vid visning eller guidning [aer] speciellt anpassat för att vara enkelt och lättförståeligt | language when showing or guiding [aer] especially adapted to be simple and easy to understand
språket som används är [l] | the language used is [l]
spångens brädor är [b] | the boards of the footbridge are [b]
starkt doftande varor vid entrén [finns] | strong smelling items are [finns] near the entrance
steg till isen är [m] hög | steps to the ice are [m] high
stegen är [b] | the ladder is [b]
stegens lutning är [c] | the inclination of the ladder is [c]
stegets höjd är [m] | the height of the step is [m]
stegets ljushetskontrast är [m] mot omgivningen | the lightness contrast of the step is [m] against the background
steghöjden är [m] | the steps are [m] high
storlek på versaler är [m] | the size of capitals is [m]
strömbrytare är placerad [m] från golv | the switch is placed [m] from the floor
städfrekvensen per vecka är [nu] gånger | the frequency of cleaning is [nu]
städlista [finns] | cleaninglist is [finns]
städskåpet är placerat [m] från närmaste hörn | the cleaning cupboard is placed [m] from the nearest corner
städskåpets botten är [m] över golvnivå | the bottom of the cleaning cupboard is [m] above floor level
stödhandtag [finns] bredvid duscharmatur | grab rail placed next to shower fittings is [finns]
stödhandtag [finns] bredvid termostat eller blandare | grab rail placed next to the shower fittings is [finns]
stödhandtag är placerat [m] från golv | the support handle is placed [m] from the floor
stödhandtaget är placerat [m] från underlaget | the grab rail is placed [m] from the ground
största bredd på glipa i bryggan är [m] | the widest gap in the jetty is [m]
största möjliga punktstorlek på bokningsbekräftelse är [m] | the largest possible character size on booking confirmation is [m]
största möjliga punktstorlek på fakturan är [m] | verbal booking confirmation [m]
svängbar behandlingsstol [finns] | turnable treatment chair [finns]
svängdörr [finns] | swinging door is [finns]
svängrumsytan innanför dörren lutar [c] i längsriktning | the space inside of the door tilts [c] lengthways
svängrumsytan innanför dörren lutar [c] i sidled | the space inside of the door tilts [c] sideways
svängrumsytan innanför grinden lutar [c] i längsriktning | the turning space inside the door tilts [c] lengthways
svängrumsytan innanför grinden lutar [c] i sidled | the turning space inside the gate tilts [c] sideways
svängrumsytan lutar [c] i bredd | the turning space tilts [c] along its width
svängrumsytan lutar [c] i längsriktning | the turning space tilts [c] lengthways
svängrumsytan utanför dörren lutar [c] i längsriktning | the space outside of the door tilts [c] lengthways
svängrumsytan utanför dörren lutar [c] i sidled | the space outside of the door tilts [c] sideways
svängrumsytan utanför grinden lutar [c] i längsriktning | the turning space outside the gate tilts [c] lengthways
svängrumsytan utanför grinden lutar [c] i sidled | the turning space outside the gate tilts [c] sideways
svängrumsytan vid grinden är [m] | the space by the gate is [m]
svängrumsytans bredd framför torktumlaren är [m] | the width of the space in front of the tumble drier is [m]
svängrumsytans bredd framför tvättmaskinen är [m] | the width of the space in front of the washing machine is [m]
svängrumsytans bredd innanför grinden är [m] | the turning space inside the gate is [m] wide
svängrumsytans bredd utanför dörren är [m] | the width of the space outside the door is [m]
svängrumsytans bredd utanför grinden är [m] | the turning space outside the gate is [m] wide
svängrumsytans bredd vid stolen är [m] | the width of the space by the chair is [m]
svängrumsytans längd framför torktumlaren är [m] | the length of the space in front of the tumble drier is [m]
svängrumsytans längd framför tvättmaskinen är [m] | the length of the space in front of the washing machine is [m]
svängrumsytans längd innanför grinden är [m] | the length of the turning space inside the gate is [m]
svängrumsytans längd utanför dörren är [m] | the length of the space outside the door is [m]
svängrumsytans längd utanför grinden är [m] | the length of the turning space outside the gate is [m]
svängrumsytans längd vid stolen är [m] | the length of the space by the chair is [m]
svängrumsytans bredd är [m] | the turning space is [m] wide
svängrumsytans längd är [m] | the length of the turning space is [m]
syntolkning [finns] att beställa | sight interpretation are [finns] to order
syntolkning som erbjuds på fasta , regelbundna tider [finns] | sight interpretation which is offered at regular, determined times are [finns]
säkerhetssensor [finns] vid stängning | security sensor [finns] when closing
säkerhetssensor [finns] vid öppnande | security sensor [finns] when opening
säng i massivt trä [finns] | bed of solid wood are [finns]
säng med ribbotten [finns] | bed with slatted base are [finns]
sängen är [m] hög | the bed is [m] high
tak [finns] på väderskyddet | roof on shelter is [finns]
taket sträcker sig [m] utanför golvet | the roof extends [m] outside the floor
talad information [finns] | spoken information is [finns]
talad information [finns] för att välja dryck | spoken information for selecting drink is [finns]
talad information [finns] för att välja vara | spoken information for selecting what to buy is [finns]
teckenstorleken på inslaget pris är [m] | character size of the registered price is [m]
teckenstorleken på texten på displayen är [m] | character size of the text on the display is [m]
teckentolkning [finns] på fasta , regelbundna tider | sign interpretation is [finns] at regular, determined times
telefon [finns] som kopplar samtalet automatiskt när luren lyfts | a telephone is [finns] that connects the call automatically as it is lifted
telefonen är placerad [m] över underlaget | the telephone is placed [m] above ground
telefonens instruktioner finns på [l] | the instructions for the telephone are in [l]
telefonens ljushetskontrast är [m] mot bakgrund | the lightness contrast of the telephone is [m] against its background
belysning [finns] | lighting [finns]
texten har ljushetskontrast [m] mot bakgrund | the text has a brightness contrast of [m] against background
texten på skylten har ljushetskontrast [m] mot bakgrund | the text on the sign has a brightness contrast of [m] against background
textens ljushetskontrast mot bakgrunden är [m] | the brightness contrast against the background is [m]
tidtabellens underkant är placerad [m] från marken | the lower edge of the timetable is placed [m] from the ground
tillgång till enskilt omklädningsutrymme [finns] | access to separate changing area [finns]
tillgång till förhöjningsklossar [finns] | access to raising blocks are [finns]
tillgång till innehållsförteckning [finns] | access to list of contents is [finns]
tillgång till kundkorgar med hjul och draghandtag [finns] | access to shopping baskets with wheels and pulling handles is [finns]
tillgång till personlyft på plats [finns] | access to person lift on-site is [finns]
tillgång till skötbord [finns] | changing table is [finns]
tillstånd för att få använda reserverad plats [finns] | permit to use reserved space [finns]
toalettpappershållare [finns] monterad på armstöd utan att inkräkta på utrymme för sittande | toilet paper holder are [finns] mounted on armrest without encroaching on seating space
toalettpappershållare [finns] på armstödet utan att det inkräktar på utrymmet för sittande | toilet paper holder is [finns] on the armrest, encroaching on seating space
toalettpappershållare [finns] på högra armstödet utan att det inkräktar på utrymmet för sittande | toilet paper holder is [finns] on the right armrest, encroaching on seating space
toalettpappershållare [finns] på vänstra armstödet utan att det inkräktar på utrymmet för sittande | toilet paper holder is [finns] on the armrest, encroaching on seating space
toalettpappershållare på höger armstöd sett framifrån [x] | toilet paper holder on right armrest as seen from the front are [x]
toalettpappershållare på vänster armstöd sett framifrån [x] | toilet paper holder on left armrest as seen from the front are [x]
toalettstolen har ljushetskontrast [m] mot bakgrunden | the toilet has a lightness contrast of [m] against the background
toalettstolslock av hårt material [x] | toilet lid made of a hard material is [x]
torkmöjlighet finns [m] från golvet | drying is available [m] from the floor
torkmöjlighet är placerad [m] från hörn | drying is placed [m] from corner
torkmöjligheten är [b] | drying is [b]
torktumlarens reglage har [objekt] ljushetskontrast mot bakgrund | the controls of the tumble drier have [objekt] brightness contrast against the background
totalt finns [nu] boenderum | there is a total of [nu]
totalt finns [nu] sittplatser | there are [nu] seats in total
totalt rökförbud inom området [finns] | total smoking ban is [finns] in the area
touchknappar eller touchscreen [finns] | touch-buttons or touch-screen are [finns]
trafikinformation i realtid [finns] | traffic information in real time [finns]
trappan är [b] | the staircase is [b]
trappan är [m] bred | the stairs are [m] wide
trappans steg är [m] djupa | depth of staircase steps is [m]
trappans steg är [m] höga | the stair steps are [m] high
tryckmotstånd [finns] på knapparna | resistance to pressure is [finns] as the buttons are pressed
tryckmotstånd [finns] som kan kännas när knappen trycks in | pressure resistance that can be felt as the button is pressed is [finns]
tröskel [finns] | there [finns] a treshold.
tröskelns höjd är [m] | the height of the threshold is [m]
tvättbar bäddmadrass [finns] | washable overlay matress are [finns]
tvättmaskinens reglage mot bakgrund har ljushetskontrast [m] | the washing machine controls have a brightness contrast against the background of [m]
tvålen är [b] | the soap is [b]
tyger och sänglinne av bomull som inte innehåller fröskal [finns] | fabrics and bedding made of cotton not containing seed coats are [finns]
typ av avgränsning : [x] | type of delimitation : [x]
typ av balansstöd : [x] | type of balancing support : [x]
typ av certifiering [n] | types of certificate are [n]
typ av diplomering [n] | the type of diploma available is [n]
typ av kommunikationshjälpmedel som finns är [b] | aids for communication available are [b]
typ av rengöringsprodukter är [b] | cleaning products are [b]
typ av toalett är [b] | the type of toilet is [b]
typen på hissknappar är [b] | the type of lift buttons is [b]
täcken av polyester [finns] | duvets made of polyester are [finns]
ugnens centrum är [m] från golv | the centre of the oven is [m] from the floor
ugnens reglage mot bakgrund har [objekt] ljushetskontrast | oven controls against the background have [objekt] brightness contrast
underkanten på skylten är placerad [m] från underlaget | the lower edge of the sign is placed [m] from the ground
underlaget på svängrumsytan efter grinden är [b] | the surface on the turning space behind the gate is [b]
underlaget på svängrumsytan före grinden är [b] | the surface on the turning space in front of the gate is [b]
underlaget är [b] | the coating is [b]
uppsittningsrampens höjd är [m] | the height of the ramp used for mounting is [m]
utbud av mat och dryck som tillfredsställer näringsbehovet hos de flesta [finns] | a selection of food or drink that satisfies the nutritional needs for most people is [finns]
utrymningslarmet är [b] | the evacuation alarm is [b]
varje trappsteg har ljushetskontrast [m] mot omgivande ytor | the lightness contrast of each step is [m]
varor av samma typ är placerade [x] i automaten | goods of the same typ are placed in [x] direction in the machine
vattenlås och rör [aer] draget in i vägg eller åt sidan | water seal and pipe(s) – drawn inside wall or to the side
vattenlås och rör [aer] draget in i vägg eller åt sidan för benutrymme | water seal and pipes that are drawn inside the wall or to the side, for leg room, are [aer]
vattenmuggarna är placerade [m] över underlaget | the water cups are placed [m] above the ground
vattenytan [x] i nivå med omgivande golv | water surface that is level with surrounding floor is [x]
vibrator finns [x] | vibrator is available [x]
vid förfrågan [finns] flyttbar lyftanordning | lifting device is [finns] on demand
vid högt placerad skylt [finns] en kompletterande skylt som går att komma nära intill | when signs are placed high up is [finns] an additional sign that it is easy to get next to
vid textbaserade evenemang används [objekt] | at text-based events [objekt] are used
vid textbaserat evenemang [finns] digitala displayer | text-based events has [finns] digital displays
vid textbaserat evenemang [finns] textmaskin | text-based events has [finns] text machine
vid översta trappsteget [finns] en skylt i relief | at the top step, there is a sign in relief [finns]
vindskyddets golv är [m] från underlaget | the floor of the wind shelter is [m] from the ground
vissa partier har begränsad gångyta med en bredd på [m] | some parts have a limited walking area that is [m] wide
visuell bekräftelse på att larm gått fram [finns] | a visual confirmation that the alarm has gone through is [finns]
visuell information [finns] | visual information is [finns]
visuell information om byte [finns] vid den ursprungliga påstigningsplatsen | visual information regarding changing [finns] at the original boarding point
visuell information om försening [finns] vid den ursprungliga påstigningsplatsen | visal information regarding delays [finns] at the original boarding point
visuell information om våningsplan [finns] | visual information is [finns] regarding the floor levels
visuell lystringssignal [ges] före trafikinformationen | visual attention signal shown before traffic information is [ges]
visuell signal [finns] som visar att dörren är upplåst | visual signal that indicates that the door is unlocked are [finns]
visuell signal som anger att anropet gått fram [finns] | visual signal that indicates that the call has gone through is [finns]
visuellt utrymningslarm [finns] | visual evacuation alarm [finns]
vredet är placerat [m] från underlaget | the handle is placed [m] from the ground
vredets markering har ljushetskontrast [m] | the marking of the handle has a brightness contrast of [m]
väderskyddet har [a] väggar | number of shelter walls is [a]
väderskyddet är [m] djupt | the shelter is [m] deep
väderskyddet är [m] långt | the length of the shelter is [m]
väggfast bänk [finns] | bench fixed to the wall is [finns]
välbelyst disk [finns] | well lit counter [finns]
välbelyst reception [finns] | well lit reception is [finns]
vändmöjlighet [finns] | turn-around opportunity is [finns]
vändytan lutar [c] i längsriktning | the turn-around space tilts [c] lengthways
vändytan lutar [c] i sidled | the turn-around space tilts [c] sideways
vändytan på gångvägen lutar [c] i längsriktning | the turn-around space tilts [c] lengthways
vändytan på gångvägen lutar [c] i sidled | the turn-around space tilts [c] sideways
vändytans fria bredd är [m] | the free turning space is [m] wide
vändytans fria längd är [m] | the length of the free turning space is [m]
vänster armstöd är [b] | armrest is [b]
vänstra handledarens höjd är [m] | the height of the handrail on the left is [m]
vänstra ledstångens kontrast är [m] mot bakgrund | the lightness contrast of the left handrail is [m] against the background
värmeledande stödhandtag [finns] | heat conducting support handle is [finns]
växter finns som är [b] | there are plants that are [b]
växter som vanligtvis inte förorsakar allergiska besvär [finns] | plants that wouldn’t normally cause allergic reactions [finns]
ytan där du ställer eller hämtar koppen är [m] över underlaget | the surface where the cup is placed or collected [m] above the ground
ytan efter lutning lutar [c] i längsled | the tilt of the area after the slope is [c] lengthways
ytan efter lutningen lutar [c] i sidled | the area after the slope tilts [c] sideways
ytan efter lutningens slut är [m] lång | the length of the area after the slope is [m]
ytan eller öppningen där du hämtar den vara som du har köpt , har ljushetskontrast [m] mot bakgrunden | the surface or opening where you get the item that you have bought, has a lightness contrast of [m] against its background
ytans längd före grinden är [m] | the length of the turning space in front of the gate is [m]
ytans längd är [m] | the length of the space is [m]
åldersanpassat material [finns] | age-appropiate material is [finns]
öglor , hål eller liknande på gungan där medtagna remmar kan fästas [finns] | there [finns] loops, holes or similar on swing for attaching self-provided straps to
öppningen är [m] från underlaget | the opening is [m] from the ground
öppningens höjd är [m] | the height of the opening is [m]
öppningsbar glasruta [f] | glass pane that can be opened is [f]
övergångsstället korsas av [objekt] | the pedestrian crossing is crossed by [objekt]
överkanten på handfatet är [m] från golvet | the upper edge of the basin is [m] from the floor
överkanten på skylten är placerad [m] från underlaget | the upper edge of the sign is placed [m] from the ground
översta knappraden är placerad [m] från golvet | the upper row of buttons is placed [m] from the floor
översta trappsteget har en kontrastmarkering på [m] | the top step has a contrast marking of [m]

